gene,pvalue,log2fc,fold_change,cohens_d,group1_mean,group2_mean,adj_pvalue,significant
GENE_000000,0.21776692404011821,-1.446703797008119,0.3668586488917349,-1.2033446745086767,206.85047242142693,75.88488483514176,1.0,False
GENE_000001,0.36400856648750485,-1.184106354004343,0.4400970620799469,-0.8690952645086056,341.71594430876956,150.38818315616425,1.0,False
GENE_000002,0.44976754596126284,2.1389500494697904,4.404413895424905,0.7054924083202889,235.5953959111102,1037.6596354490255,1.0,False
GENE_000003,0.07942877077280242,-1.535611681066282,0.34493306089556075,-1.9925525201773104,369.53452562351436,127.46467502990782,1.0,False
GENE_000004,0.34439441556197264,-1.126951267077255,0.4578823097946748,-0.8909454648126407,273.971981427099,125.44692367486385,1.0,False
GENE_000005,0.5047057017488993,0.7903868159340933,1.7295381248633852,0.6001130931723498,133.17971576075155,230.33939586668888,1.0,False
GENE_000006,0.3264720885187682,0.6262547041542832,1.5435526613164865,0.9057622280612757,80.57143106994018,124.36624685408401,1.0,False
GENE_000007,0.5000189058899389,0.5757264346861928,1.4904277435643567,0.5975983591580833,91.03961828960288,135.68797286233317,1.0,False
GENE_000008,0.388292217060625,1.0884289485312113,2.12642349246384,0.7964047209633179,131.35374569805356,279.3136906754621,1.0,False
GENE_000009,0.6468431303426868,0.5500177949614861,1.4641037548621059,0.4047755244417667,171.6310113360403,251.28560814787727,1.0,False
GENE_000010,0.4577916264527466,-1.3390686820089355,0.395275740064317,-0.6852025379649266,232.16542392438396,91.76935975905675,1.0,False
GENE_000011,0.8968823128954583,-0.12112718838124284,0.9194689819466536,-0.11057676700377994,201.74026633408516,185.49391730384804,1.0,False
GENE_000012,0.3191372785652614,0.7904480116608394,1.7296114893543324,0.903597073757921,133.3441657632763,230.6336011425313,1.0,False
GENE_000013,0.8651712907420981,0.1588055223071238,1.1163624643207581,0.14573396493789703,198.72218612190946,221.8459894142632,1.0,False
GENE_000014,0.24289632241964623,-1.0062471573249603,0.4978395811548977,-1.0577723500632135,272.4150834000565,135.61901102016066,1.0,False
GENE_000015,0.46770227083377724,0.7558945710769777,1.6886783655048143,0.647425824107752,180.2346999489056,304.35843851696853,1.0,False
GENE_000016,0.9281117805425445,0.07239147284662785,1.0514581817718731,0.07796786491368483,225.1486668633113,236.73440788845846,1.0,False
GENE_000017,0.27501657903286963,1.7662527081767443,3.4016924419933363,1.068405660837564,97.58832862199172,331.9654799001912,1.0,False
GENE_000018,0.7514422565909872,-0.4374409249543847,0.7384433099067671,-0.27089714847836893,421.0398712930423,310.9140761603534,1.0,False
GENE_000019,0.6573875388810095,0.280666155511293,1.2147556608300356,0.3915490478986689,129.59261027751367,157.4233569363504,1.0,False
GENE_000020,0.3027461769552493,-1.7489525416379905,0.29751771094817986,-0.9928438811422812,274.84563327630747,81.77144367646989,1.0,False
GENE_000021,0.7582661993012659,-0.28048867143363054,0.8233120967489351,-0.2635800082245652,253.33308458126817,208.57219304247923,1.0,False
GENE_000022,0.38580402700558125,1.1187747611467425,2.1716246441544387,0.7946690135038691,119.89012237091703,260.35634433137477,1.0,False
GENE_000023,0.5055771080195147,-0.8165273728565606,0.567807034289359,-0.5938337587490874,309.85266211029636,175.9365211395102,1.0,False
GENE_000024,0.30361552387747903,1.0379574018068307,2.0533184625854157,0.9709640241883872,97.6871906820374,200.58291218552938,1.0,False
GENE_000025,0.8984830383996514,0.0967514015487509,1.0693628044191614,0.10884154717372325,105.44559829579383,112.75960070724645,1.0,False
GENE_000026,0.841672525494779,-0.12866386687041964,0.9146781752976065,-0.1705458900786648,227.2016369381031,207.8163786991734,1.0,False
GENE_000027,0.38468350828613496,-1.6477606182513194,0.31913514088195905,-0.8200553969479094,760.1049624301091,242.57620427020905,1.0,False
GENE_000028,0.30167162204974696,1.1889529037696296,2.2798721186147555,0.9976791832252219,88.71453929590355,202.25780465648361,1.0,False
GENE_000029,0.6459741021776029,0.3808012020281042,1.3020647575610895,0.3946602147165888,210.62488056093179,274.24723404390306,1.0,False
GENE_000030,0.13114691489158278,-1.2009824667432263,0.4349789626769953,-1.5793027848399874,235.9787875314427,102.64580821420202,1.0,False
GENE_000031,0.9558907552298596,-0.04993450289436376,0.9659801825932326,-0.04726120715909276,220.51572396261963,213.0138192980902,1.0,False
GENE_000032,0.2438535819396465,-1.204265869139491,0.4339901279329951,-1.159926876456769,108.89068538631639,47.25748248151897,1.0,False
GENE_000033,0.3887954604309397,2.6395929198632744,6.231558052581224,0.819215323375134,82.17025437167065,512.0487103124318,1.0,False
GENE_000034,0.7707996328263993,-0.1908909421649426,0.8760645370253454,-0.2514535253126242,247.75845792596806,217.05239873702672,1.0,False
GENE_000035,0.5107138468530301,-1.3996487788036165,0.3790214023923525,-0.5934115989805248,873.8302383573167,331.20036239503384,1.0,False
GENE_000036,0.6456214801287332,-0.35980614973753067,0.7792692805168208,-0.3957503515308482,139.15910791043603,108.44241789872811,1.0,False
GENE_000037,0.18338970699867815,1.1036525550869691,2.14898074336133,1.2965950513768418,93.77872289071354,201.52866962916175,1.0,False
GENE_000038,0.9573703658115279,0.05077546906777568,1.0358215430185254,0.04606780303943956,288.04496201646276,298.36317701460496,1.0,False
GENE_000039,0.9800518888973777,0.023452828381293086,1.0163891138093148,0.021294891120708228,191.8912452107118,195.03617266748128,1.0,False
GENE_000040,0.6653721778207263,-0.3647316314974493,0.776613326299369,-0.3760468931081884,207.50585474753245,161.15181208207488,1.0,False
GENE_000041,0.13313698381621664,0.8978363604312304,1.8632695028468511,1.421527823601453,81.49132382519076,151.84029843009495,1.0,False
GENE_000042,0.9965924851257931,-0.005482809363315438,0.9962068185054922,-0.0036629017627254146,283.8091682964988,282.73262861134486,1.0,False
GENE_000043,0.5604630552311253,-1.3947765785622093,0.38030357906063605,-0.5318223542686212,644.8464828158761,245.23742535954062,1.0,False
GENE_000044,0.2253839624920459,2.229113244730817,4.6884571419443715,1.2225551169180142,163.68117445675054,767.4121713835947,1.0,False
GENE_000045,0.14859113150311848,-2.2349560800717057,0.21242771661778045,-1.5577117689638214,503.33708946741393,106.92274860460222,1.0,False
GENE_000046,0.517995691999049,0.7287689050915459,1.6572243289067745,0.5784681638539279,201.669617455086,334.21179644789083,1.0,False
GENE_000047,0.48553125900735555,0.6262424209813412,1.543539519493,0.6067134284187647,250.0441147279746,385.95297269927045,1.0,False
GENE_000048,0.49255624146914234,0.7749610281982694,1.711143827279869,0.6323222227338592,151.6992957796088,259.5793135759807,1.0,False
GENE_000049,0.9166176048927334,0.1330608740749983,1.0966178590661027,0.08915582160607613,180.45504402431652,197.8902240356253,1.0,False
GENE_000050,0.7283334691784569,0.37145453636104464,1.2936564478609343,0.2994087946723694,457.0345724417046,591.2457215345764,1.0,False
GENE_000051,0.4268453089524183,-1.0409868920393548,0.48599490959690517,-0.7152114515200055,459.00981408993096,223.07643310272823,1.0,False
GENE_000052,0.06696972608312503,1.8930274252850743,3.714138013424451,1.8987673668605902,121.5365825989112,451.4036414523167,1.0,False
GENE_000053,0.23280306773504536,0.9770952172956501,1.9684979598583496,1.098473419780904,144.80425276461682,285.046876145961,1.0,False
GENE_000054,0.2968269537465372,-2.1047944231423745,0.2324843611566435,-1.0278075995251332,167.89298581151903,39.03249354907241,1.0,False
GENE_000055,0.48354211632473415,1.0294832502023998,2.041292962659124,0.6434613016026955,193.63464819533726,395.2650446881172,1.0,False
GENE_000056,0.8993166570712264,-0.1180380810692628,0.9214398637484363,-0.10782378022391538,160.35797876721062,147.7602341062332,1.0,False
GENE_000057,0.524310718587387,0.6414693499375679,1.5599170883023,0.553760963628395,161.65262594951136,252.16469358758258,1.0,False
GENE_000058,0.656900087549861,0.5594920792990764,1.4737502718219126,0.3948995558225682,210.86110413327071,310.75660953307636,1.0,False
GENE_000059,0.26437874374188136,1.3592637701661272,2.56554222470119,1.0812788987572235,155.83268134111484,399.79532396903534,1.0,False
GENE_000060,0.10083877737323375,-2.1152128233495135,0.23081152633807933,-1.8754600405610662,310.10651196826507,71.57615735477313,1.0,False
GENE_000061,0.6586756913213025,0.27117570997352186,1.2067908892998653,0.38355353995803,106.62798848231098,128.67768504482387,1.0,False
GENE_000062,0.146920013651485,1.0005184278940096,2.000718822811728,1.3599751346288316,145.71061241842992,291.52596494897705,1.0,False
GENE_000063,0.7270243603842619,0.22057035459799837,1.1651941429057073,0.3108625505889574,185.45429470673906,216.09025796900127,1.0,False
GENE_000064,0.3573789988340782,1.7525768032121647,3.3695987428151266,0.8719412334072502,118.48890592133,399.26006843005337,1.0,False
GENE_000065,0.3259785526996082,1.9365286306143061,3.8278349662020026,0.9534231687656655,57.695595257674604,220.8492169231653,1.0,False
GENE_000066,0.033546280796256746,-1.8838200084528827,0.2709652954043526,-2.3573937415528152,348.32494080101844,94.38397048085159,1.0,False
GENE_000067,0.30076657902812187,-1.3622748034748693,0.38896849079303325,-0.9743808370720484,316.935298195541,123.27784461815955,1.0,False
GENE_000068,0.25451456404347345,1.2658726461874403,2.4047262113740384,1.128821129076312,188.57246049261173,453.46513848987877,1.0,False
GENE_000069,0.771546186291448,0.14847780016292803,1.1083993732576032,0.24809939803982256,135.56345386329974,150.25844729871744,1.0,False
GENE_000070,0.14924341021162443,-2.123047703652952,0.22956144985059676,-1.5487003602755363,359.70094956723165,82.57347149529008,1.0,False
GENE_000071,0.9149699351113747,-0.06862393035429831,0.9535470755501518,-0.09172030848945281,167.45244510299904,159.67378932168708,1.0,False
GENE_000072,0.2761032518274004,1.195759925880868,2.2906545839748653,1.0708154001110246,143.06092874897243,327.7031722265353,1.0,False
GENE_000073,0.8737184296335035,-0.12830480460499824,0.9149058514742834,-0.13579981912093878,135.45963369851248,123.93281150933208,1.0,False
GENE_000074,0.9312491607005734,-0.11444645213034106,0.9237366714002372,-0.07455215070624412,263.13522791605277,243.06765956331736,1.0,False
GENE_000075,0.6061201210935908,0.9623270796652007,1.9484502286383978,0.4665578404064548,195.45121524513306,380.8269650320322,1.0,False
GENE_000076,0.217115248667423,1.0890199436999175,2.127294753134245,1.2084344946011576,76.15135802284316,161.99638436604167,1.0,False
GENE_000077,0.2478890265800337,-1.1544300761489963,0.44924362109161087,-1.113977826754942,208.3222544824822,93.58744395767837,1.0,False
GENE_000078,0.25195023136163863,0.7405617439425092,1.6708262839014176,1.0357878032975205,224.48396812608013,375.0737142595427,1.0,False
GENE_000079,0.9301854936508276,-0.08139289813346488,0.9451446845548126,-0.0761305076234948,319.2268722341658,301.7155814591801,1.0,False
GENE_000080,0.9957953303726026,-0.004413481648763065,0.9969454821996498,-0.004531556801919893,222.25316587113764,221.57428961980008,1.0,False
GENE_000081,0.8008892652602788,0.23390334785343816,1.1760124616813938,0.22044139816043867,206.7825804647206,243.178891485147,1.0,False
GENE_000082,0.5556927786570189,-0.6690866768410295,0.6289047003093123,-0.5108033361869395,228.32888534610646,143.59710921055242,1.0,False
GENE_000083,0.16235816692017477,0.9099151836276788,1.8789350321594316,1.346871806864848,118.42520852897577,222.51327299587848,1.0,False
GENE_000084,0.5205775249393036,-0.5874189427788349,0.6655325152291616,-0.5601128374342319,350.0507334175416,232.9701450691892,1.0,False
GENE_000085,0.3574379046875755,-1.6337170637464562,0.32225685129934806,-0.87085796541276,464.890901743223,149.81427819348565,1.0,False
GENE_000086,0.29307131042663276,-1.1675320457106597,0.4451822430548499,-1.0355653291643991,357.81659847599525,159.29359591180014,1.0,False
GENE_000087,0.27515396304209816,-1.5773545300887484,0.33509579082340596,-1.0750078137523196,709.2053698232461,237.65173425712675,1.0,False
GENE_000088,0.7412200666662011,0.4769903709562838,1.3918371021997875,0.28926965247747016,644.7767614022968,897.4242191559365,1.0,False
GENE_000089,0.2293053978180164,-1.040032648811273,0.48631646803010303,-1.1200410296563237,357.4448138615306,173.83129939281716,1.0,False
GENE_000090,0.2403174404160191,-1.952081451753689,0.25844309245616787,-1.1671596013900687,738.1074900551747,190.7587822949195,1.0,False
GENE_000091,0.9891069671331387,0.01124361953394987,1.007823931417157,0.012028622574155386,433.618550910692,437.0111527142243,1.0,False
GENE_000092,0.32928537800329444,1.5992704628090078,3.0299005955951848,0.9397596379614447,117.1564715012221,354.97246277938314,1.0,False
GENE_000093,0.59697625042714,0.9624211677351692,1.9485773046276738,0.48007835018827344,203.07217979736987,395.70184075442535,1.0,False
GENE_000094,0.740594164148586,0.4862856499316275,1.4008336549147558,0.28524557895554564,297.1844190350437,416.30593590057856,1.0,False
GENE_000095,0.7041383134780632,0.5326467516639161,1.4465806427658336,0.3400645527280893,162.04493892078796,234.4110719009837,1.0,False
GENE_000096,0.4584659777797051,-0.7091552105312142,0.6116782103951064,-0.6469967433135722,161.04731491220022,98.50913337443177,1.0,False
GENE_000097,0.105065771648184,-1.8330943581373988,0.28066199847916434,-1.8088684835980304,443.8657309968753,124.57624311799819,1.0,False
GENE_000098,0.6274470369229882,-0.21914311829033437,0.8590755286754741,-0.41898592142218033,109.50211629055174,94.07058844338898,1.0,False
GENE_000099,0.8888011088387902,0.1689940392983563,1.1242742786684627,0.12011091229840719,313.17433397672164,352.09384842915495,1.0,False
GENE_000100,0.9724847124036223,0.03555770365737569,1.0249529632623768,0.0299203043136997,256.0536409544781,262.44293805041303,1.0,False
GENE_000101,0.8557442339767095,-0.14146984410089497,0.9065950290375233,-0.15500899137583254,298.9020804806737,270.9831403327525,1.0,False
GENE_000102,0.40006432788924545,-0.5031056195052757,0.7055862639402208,-0.7719559220804901,296.30457842597315,209.06844047996455,1.0,False
GENE_000103,0.5787382505715183,0.4602606861888818,1.3757903926083903,0.4805083042667018,186.10364409720273,256.0396055783427,1.0,False
GENE_000104,0.8290100345025383,0.15906829064375566,1.1165658138961132,0.1864488169454829,193.32513592262592,215.86023773802353,1.0,False
GENE_000105,0.30127690631596304,0.2446797318120787,1.1848297178512301,0.9998864036640208,229.46545033872172,271.8774847814331,1.0,False
GENE_000106,0.2319865505460923,-0.5152776140043199,0.6996582864431662,-1.106562134732772,120.19668808597197,84.09660882237488,1.0,False
GENE_000107,0.5119213248581777,-1.093679943683284,0.4685646611650935,-0.5988431952375353,723.4888210220608,339.0012942789349,1.0,False
GENE_000108,0.16703992502723097,-1.2517054777034629,0.4199514696801298,-1.4394665346849702,187.503977335477,78.74257085290331,1.0,False
GENE_000109,0.21203814278830804,-0.8818571018187489,0.5426684343005717,-1.1429972954566883,279.98487680963814,151.93895472612476,1.0,False
GENE_000110,0.20631427135653796,-1.3510773472006428,0.391999210223162,-1.274162044961403,500.0398190369715,196.01521414262567,1.0,False
GENE_000111,0.3659112109098898,1.3924794308920427,2.625294792152344,0.8436165200831616,146.57842917164845,384.8115867461999,1.0,False
GENE_000112,0.9534319225198727,-0.030370195325790054,0.9791690107305389,-0.04971427082809437,119.01627491083875,116.53704816527983,1.0,False
GENE_000113,0.27589695201076947,-1.520695211669812,0.34851793089835553,-1.0433233524671568,612.1053546178007,213.32969168320008,1.0,False
GENE_000114,0.45375989540281164,0.39629602881117154,1.3161245549429041,0.6543432661386691,110.60120591316911,145.56496290861818,1.0,False
GENE_000115,0.5061990204690613,-0.7784344447701012,0.5829990975099956,-0.6029999847141237,361.04738067501205,210.49029709187985,1.0,False
GENE_000116,0.23773827883385218,2.9844900845585656,7.914455420732609,1.199414212875051,63.86881989696077,505.4869278492959,1.0,False
GENE_000117,0.4491828430542629,0.5337614196254189,1.4476987447392113,0.6894334466934352,198.96403792816858,288.0399879568545,1.0,False
GENE_000118,0.44971968838097304,-0.9091838391578534,0.532486243932453,-0.6841203253965701,193.35081235318387,102.95664783123541,1.0,False
GENE_000119,0.12556549777954895,-1.2238169333267301,0.4281484675053222,-1.605332944135071,222.6736545568479,95.33738395232393,1.0,False
GENE_000120,0.394982707046509,1.7101190348169355,3.2718781813388222,0.7979591539269847,225.29191232601798,737.127692371597,1.0,False
GENE_000121,0.186050694970631,-1.7616574025858056,0.2949091719590549,-1.2952176124199446,498.15999725360984,146.91195229318714,1.0,False
GENE_000122,0.7077269978797995,0.5407044695981552,1.4546826670921424,0.3225215982613,252.0026410521422,366.583873999994,1.0,False
GENE_000123,0.9854188745030315,-0.017197245803382433,0.9881505419546552,-0.015592225107302172,212.45090002855906,209.9334720019749,1.0,False
GENE_000124,0.42906453354079394,1.0858605375626635,2.122641216510545,0.7194499498797886,415.5020178477436,881.9617086269205,1.0,False
GENE_000125,0.7155942812803299,0.3610376101024286,1.2843492906867906,0.31488528900892293,165.00395011137402,211.9227062860618,1.0,False
GENE_000126,0.5832985342417872,0.6136283405797577,1.5301025421697823,0.47448469964795503,159.62832531841067,244.24770637200518,1.0,False
GENE_000127,0.0625677378662797,-1.2785465439613921,0.41221058475765415,-1.8644094280519938,527.6605157294844,217.5072497423761,1.0,False
GENE_000128,0.5674300386025557,-0.6278118205509791,0.6471572343727514,-0.4977902345668087,169.79576332306067,109.8845566003622,1.0,False
GENE_000129,0.060280375189217625,1.6187271430981087,3.0710396587681146,2.248833368483395,97.98665177137403,300.92089361979055,1.0,False
GENE_000130,0.22967378727167295,-1.136787149360661,0.45477121645042906,-1.1636374595425074,401.9294273175805,182.7859345884404,1.0,False
GENE_000131,0.9030601108345757,-0.14922450559999534,0.90173504358257,-0.10464087568175792,230.67650467138256,208.00908799332404,1.0,False
GENE_000132,0.3814336933330398,-2.23592401507974,0.21228524211206423,-0.8327282258997922,509.42247014814916,108.14287241272565,1.0,False
GENE_000133,0.043139678563948375,-1.8986823988282786,0.2681881878223767,-2.44352943448174,653.4049837813911,175.23549851444074,1.0,False
GENE_000134,0.32807531522564853,0.5386177203509871,1.4525800996194242,0.8719600453258005,119.0199345271792,172.88598835218733,1.0,False
GENE_000135,0.48953997687108786,0.766543262244208,1.7011888003643632,0.6244587998460037,309.1819038931846,525.9767921784165,1.0,False
GENE_000136,0.9633531703926623,-0.04583966931693023,0.9687258404219571,-0.039482633811682065,208.39368745210888,201.87635001567483,1.0,False
GENE_000137,0.24429383868579363,2.0007203308723143,4.001997679927471,1.1654060945954823,73.9244782079131,295.8455902779171,1.0,False
GENE_000138,0.13438009915544724,-1.7613103519029991,0.2949801230179456,-1.5718891985286092,289.6136493978053,85.43026992704077,1.0,False
GENE_000139,0.804630828349738,0.12921646190405708,1.0936995438087318,0.2110974983815125,94.27377740785832,103.10718734410057,1.0,False
GENE_000140,0.42279822166159897,0.9973318130943656,1.9963045258819936,0.7496291555906913,217.83730278245076,434.86959345053265,1.0,False
GENE_000141,0.6155717467030889,0.3037372506511685,1.2343377839233893,0.4341557580135747,198.2786170065149,244.74278871521608,1.0,False
GENE_000142,0.47601183250754436,-1.472180288487555,0.36043717249417595,-0.6547164497584725,248.51850354535298,89.57530673037087,1.0,False
GENE_000143,0.7808967364230336,-0.3500977859566812,0.7845309205415879,-0.2453819788433752,140.17604942230992,109.97244509116791,1.0,False
GENE_000144,0.8674959232638298,0.10843617995373388,1.078059032808785,0.1422232492425953,112.73354503023779,121.53341652040376,1.0,False
GENE_000145,0.9587661521528807,0.056961106750236745,1.0402722217089322,0.04439298201586553,404.8210842084651,421.1241286641587,1.0,False
GENE_000146,0.7372939407092971,0.3970998641256995,1.3168580725276187,0.29076620332224345,330.2530421571131,434.89638454139833,1.0,False
GENE_000147,0.29631307899413006,-1.3284373511457632,0.3981993162333817,-0.9755590631445121,256.5413986049907,102.15460951006271,1.0,False
GENE_000148,0.5730269866412032,-0.6953410785029058,0.6175632984687827,-0.5075658532078041,336.37399866701884,207.73223613593805,1.0,False
GENE_000149,0.45628542618496576,-0.6786295900622625,0.6247584480958425,-0.6545241871958007,264.55328593383973,165.28190035868138,1.0,False
GENE_000150,0.6878139980027436,-0.42844926046003234,0.7430600645887888,-0.3450227462466513,137.32019068851866,102.03714976235547,1.0,False
GENE_000151,0.9292726703455956,-0.058192406585009536,0.9604667617225944,-0.07611246068089696,131.45213307080857,126.25540457204707,1.0,False
GENE_000152,0.550634956957849,0.6853361505873928,1.6080766226374725,0.5266287079118503,196.42255954911158,315.8625261695432,1.0,False
GENE_000153,0.36379764145463933,1.2343669210640997,2.3527808079460923,0.8659493092580167,152.88764881391546,359.71112590138245,1.0,False
GENE_000154,0.2710375739058306,0.9143098540124597,1.8846672826957416,1.0793101350992782,162.1018521640872,305.50805723803705,1.0,False
GENE_000155,0.4469622790764844,-0.5623559438588934,0.6771953894797911,-0.6776011694294954,224.2009981044596,151.8278822331074,1.0,False
GENE_000156,0.4981563016738516,-0.726828425669127,0.6042307763308271,-0.613359883313042,283.9077954184368,171.54582763205573,1.0,False
GENE_000157,0.024931505093908575,-1.3942696627775955,0.3804372287608802,-2.8765135295859845,556.492812609562,211.71058345452957,1.0,False
GENE_000158,0.33010758476240654,3.111487330631564,8.642731429903343,0.9453402187519965,75.27280512086193,650.5626386350627,1.0,False
GENE_000159,0.6405819603270286,-0.48465463669452,0.7146681320846243,-0.4058559130918441,277.21839448127986,198.1191521634348,1.0,False
GENE_000160,0.18141686249288802,1.0934017492048904,2.133765671500008,1.401454103930665,172.81136731560719,368.7389632230211,1.0,False
GENE_000161,0.45278820862227476,1.3454326660645062,2.541063919094413,0.6850023396466957,200.96777454097585,510.6719607867745,1.0,False
GENE_000162,0.3977578394140876,-2.234569998568428,0.21248457228361128,-0.7990628842964456,864.6485076148515,183.72446831620454,1.0,False
GENE_000163,0.41671312213744655,-0.8337993895470897,0.5610497502509445,-0.7612115845661351,134.4094535795436,75.41039036216885,1.0,False
GENE_000164,0.3961419595630716,0.9672709042328304,1.95513862745328,0.8063286379754927,123.38508136447722,241.23493862715526,1.0,False
GENE_000165,0.488680744852523,0.5938366609629385,1.5092550840155827,0.6194482716779781,146.34557945721028,220.87280981900102,1.0,False
GENE_000166,0.16707960664287752,-1.92647510034418,0.26307114127912423,-1.4286314714573205,585.6713142744067,154.0732210606128,1.0,False
GENE_000167,0.5530316630806736,0.8025806341127381,1.7442183244809488,0.5429813306085013,95.06365678460959,165.81177215588372,1.0,False
GENE_000168,0.1088687601616181,-1.0732471160730046,0.4752481394300718,-1.5395695022304017,354.8717570453187,168.6521422720682,1.0,False
GENE_000169,0.19884794157003996,-1.6879768936062989,0.3103618436378677,-1.2960527282415997,427.44238430851334,132.66180644295616,1.0,False
GENE_000170,0.6308180183929606,-0.5218248198993243,0.6964903069485899,-0.418690246651562,229.72077795465668,159.9982951501077,1.0,False
GENE_000171,0.5927985520246593,-0.5512398144391893,0.6824334108583119,-0.4611442911049814,310.6947164364316,212.02845507337003,1.0,False
GENE_000172,0.6811987728355137,-0.4555748993448771,0.7292195276270134,-0.3581264089713964,227.47497867035167,165.87919649295878,1.0,False
GENE_000173,0.37282113703258146,1.3591076415547518,2.5652645964704344,0.8397678309290827,104.39562755998068,267.8024074059316,1.0,False
GENE_000174,0.23182896067472306,-2.248008690912288,0.21051447024199044,-1.2136288563071336,563.9262302772117,118.71463162236994,1.0,False
GENE_000175,0.1792388516708521,-3.3370773147052017,0.09895543002381273,-1.4241194330980955,783.4439450455351,77.52603248153324,1.0,False
GENE_000176,0.07251660445171401,3.019967277494327,8.111491855329435,2.2029733986752817,64.01789016243043,519.2805946479289,1.0,False
GENE_000177,0.9042959043482878,-0.062069064372081116,0.9578893612613067,-0.10508401226919525,155.81584008584386,149.2543355342229,1.0,False
GENE_000178,0.12766998080618436,-1.939800684687702,0.2606524481219177,-1.6818904841861808,416.3224161654289,108.51545698155087,1.0,False
GENE_000179,0.8781047621775084,0.15122863614422039,1.1105148124041435,0.13138464044048276,175.50245194866366,194.89807250223745,1.0,False
GENE_000180,0.6100947930863175,-0.6785454849182793,0.6247948708528342,-0.4482755796924513,425.46449758178886,265.8280358190798,1.0,False
GENE_000181,0.5942882830925416,0.5399844767635098,1.453956872823608,0.4627606163124692,67.22590192783845,97.74356213974656,1.0,False
GENE_000182,0.24133924638551618,-1.4150177097208327,0.37500514393890727,-1.111524287399416,264.3639785285642,99.13785182036641,1.0,False
GENE_000183,0.2295469427834714,0.6161807971401291,1.532812038686681,1.2092984610953283,113.68966490171826,174.26488703560838,1.0,False
GENE_000184,0.4875721422538725,-1.4789182658972406,0.35875770805006796,-0.629919616137184,336.21212828596344,120.61869256250766,1.0,False
GENE_000185,0.30374459472617854,-2.879165560067624,0.13592045007159337,-1.0092281423724718,1049.2603306840217,142.6159363888411,1.0,False
GENE_000186,0.43081620031649936,0.8430741963576984,1.7938685738117013,0.690588463084346,372.0001309498496,667.3193443647729,1.0,False
GENE_000187,0.8574827442442384,0.13554225621828236,1.098505624226644,0.1531671155691445,160.37342655221093,176.1711110441023,1.0,False
GENE_000188,0.5646461271381334,-0.9151171690862996,0.5303008003319547,-0.5168861107442733,338.9489444369883,179.74489650660615,1.0,False
GENE_000189,0.5390490129711498,0.7418639906876382,1.6723351338855659,0.5579977387195983,455.185636176064,761.2229318172845,1.0,False
GENE_000190,0.03796803356532764,1.2146157625309775,2.3207896433068007,2.1808141014095086,150.58960202992185,349.4867887807354,1.0,False
GENE_000191,0.6257078785882679,-0.4245008506326005,0.7450964784132597,-0.4210555983318425,265.8097018832923,198.05387280131947,1.0,False
GENE_000192,0.44426636496076133,1.1294215298336148,2.1877100315597797,0.7008385347653664,200.44549924836784,438.5166294866626,1.0,False
GENE_000193,0.5295286848276323,-0.5046086089173355,0.7048515719637739,-0.5571233937116405,209.7910620035542,147.87155983715473,1.0,False
GENE_000194,0.2736336165511163,-0.6534696604362246,0.6357495053657598,-1.0285004729388225,215.2971550236274,136.87505981292642,1.0,False
GENE_000195,0.11930900619353016,-2.0198914057868227,0.24657673569282462,-1.7019940596152874,213.42808297223092,52.62640000447003,1.0,False
GENE_000196,0.16455323801935498,-1.372109042225274,0.38632607430298666,-1.3749845434786885,303.83380666283443,117.37892176858546,1.0,False
GENE_000197,0.9797807058702243,-0.016407632514810505,0.9886915227858499,-0.021766160761304235,166.62363451367355,164.7393749394368,1.0,False
GENE_000198,0.9607358160241446,-0.06156662059837368,0.9582230210782512,-0.04232232448990947,214.83835355440775,205.86305618638204,1.0,False
GENE_000199,0.5150288819700611,0.6412188821521432,1.559646292982605,0.5775726044517917,342.4010431910301,534.0245177262669,1.0,False
GENE_000200,0.5371411011553602,-0.6553307705200107,0.6349299025168266,-0.5350767039768337,241.52916187454593,153.35408720397626,1.0,False
GENE_000201,0.1797846753016939,0.7634512187238668,1.6975466467573903,1.373125742983398,89.9280003114545,152.65697537830712,1.0,False
GENE_000202,0.7595782083861469,0.2659240308711595,1.2024059311951352,0.2620199740958997,235.5089764778362,283.1773901666458,1.0,False
GENE_000203,0.5504441950884442,0.5025353986678204,1.4167010927223813,0.5334251550622829,143.4008865122422,203.15619261925173,1.0,False
GENE_000204,0.4306051996276645,0.8730812061290049,1.8315704650056648,0.7268090762068041,126.35411636694812,231.42646766959103,1.0,False
GENE_000205,0.7303481337659183,0.272252259862373,1.2076917418064128,0.305666974319745,208.17458660537125,251.41072909727075,1.0,False
GENE_000206,0.34912682913715,1.947773485452235,3.8577869876726973,0.8970771625162335,118.14989061609253,455.7971106137143,1.0,False
GENE_000207,0.5370427713312338,-0.5686048410616842,0.6742685249547528,-0.5356897335046997,201.63640172260824,135.95707916668704,1.0,False
GENE_000208,0.7784884933813496,0.34944309471785834,1.2740687197824057,0.24087536318349587,210.77505083207257,268.54189917569016,1.0,False
GENE_000209,0.38315786453703826,0.7246927786280148,1.6525486892079644,0.7687723229453131,77.70615974825611,128.41321243536532,1.0,False
GENE_000210,0.2791443882859905,0.9880858828816361,1.9835515377482114,0.9749855014928227,111.49145374794954,221.14904452752887,1.0,False
GENE_000211,0.09628231105167546,-1.8558495089457905,0.2762699380910544,-1.7643624297035418,577.4166721174734,159.522868258637,1.0,False
GENE_000212,0.294052053103595,-0.8841191481486841,0.5418182343218785,-0.9992813808899847,685.0587391167222,371.1773164349948,1.0,False
GENE_000213,0.3230515518033354,1.4677592259936472,2.7659196101325523,0.945389251026478,138.71707052525505,383.6802656259432,1.0,False
GENE_000214,0.8563660956734773,0.16838613474928316,1.123800646017618,0.1548763343609698,102.07903711575526,114.71648785554216,1.0,False
GENE_000215,0.19741505052845573,2.63091466642108,6.194185833766952,1.3383901752381968,89.87384927328252,556.6953239946729,1.0,False
GENE_000216,0.16725721221267698,1.0523157327602455,2.073856014259538,1.3203188035340212,148.05137046248046,307.037225052982,1.0,False
GENE_000217,0.7673644633294925,0.1467396352146194,1.107064773238637,0.25639959874404317,126.80300974337982,140.37914522753144,1.0,False
GENE_000218,0.7048165800410197,-0.6218745958596884,0.6498260139414512,-0.3294067282013091,318.3338594095413,206.86162296270055,1.0,False
GENE_000219,0.931490894323481,-0.09134122715874954,0.938649711025184,-0.07467685713322768,407.9042222371967,382.8791803288971,1.0,False
GENE_000220,0.38329831302966705,-1.3805784290650365,0.3840647788698235,-0.8176746359286028,302.4225951013853,116.14986711285171,1.0,False
GENE_000221,0.3974595719568965,1.3499198000372823,2.548979551963001,0.7862620536222437,127.5021176344556,325.0002906822085,1.0,False
GENE_000222,0.7849631672867876,-0.2150796490069762,0.8614985963670715,-0.2353667151374833,229.80984271889554,197.98085693366596,1.0,False
GENE_000223,0.36965094394811404,0.5921458656494187,1.5074873184144895,0.8027814181327566,90.34623349989349,136.19580126760374,1.0,False
GENE_000224,0.8349824626881572,0.12126736794358445,1.0876899486829146,0.1785248895107574,320.9713311515662,349.1172907089338,1.0,False
GENE_000225,0.9830524184749189,0.029614737483916662,1.0207395073282595,0.018083620578480227,261.86908048230515,267.3001161960125,1.0,False
GENE_000226,0.3320335034113765,0.715319822070705,1.641847148140727,0.8681362514467008,170.64567159302197,280.1741092475622,1.0,False
GENE_000227,0.4328363286219507,-1.0802419416881783,0.47294950251323536,-0.7209774802358445,303.6346796145922,143.60387066948698,1.0,False
GENE_000228,0.8854544087272045,0.1054570957736058,1.0758351983296488,0.12648966721673294,287.2750974512528,309.06066144163776,1.0,False
GENE_000229,0.961629414622523,-0.050726562037153075,0.9654499919269434,-0.041461032766458274,288.9248860396893,278.94252889451104,1.0,False
GENE_000230,0.637208785094436,-0.40369246818343824,0.7559210827602726,-0.40698859393995995,176.92064455899956,133.73804519768427,1.0,False
GENE_000231,0.25819343366850583,1.100281984926171,2.1439659373932307,1.0929000160383016,121.48149228587492,260.45218148461436,1.0,False
GENE_000232,0.28399877638427534,-1.7812068411539983,0.2909399181576704,-1.0320410310050865,796.4525051661656,231.71982666951578,1.0,False
GENE_000233,0.5593094637845963,0.6171262022735186,1.5338168271159789,0.5277348135843785,220.93111679374147,338.8678645717663,1.0,False
GENE_000234,0.32323994647252846,0.6374226574852838,1.5555477242582443,0.9018713615155768,164.1423785896937,255.3313034695332,1.0,False
GENE_000235,0.4763019503466446,-0.8812999603464531,0.5428780430321362,-0.6442731477750372,348.4703227753034,189.17688688303352,1.0,False
GENE_000236,0.6148146727950435,0.43364963063895523,1.3506460301367924,0.43775791547237203,301.6139618104038,407.37370015305197,1.0,False
GENE_000237,0.9724728050995302,0.04032543414137614,1.0283457683141295,0.030037341653696974,200.7473541952723,206.437692186966,1.0,False
GENE_000238,0.9695330483648483,0.04082824744124009,1.028704233568271,0.032532425845224415,287.06100618463546,295.30087235450213,1.0,False
GENE_000239,0.7263621591530255,-0.3870780098667722,0.7646767899759974,-0.3110622251475283,159.45501962300713,121.93155255088077,1.0,False
GENE_000240,0.9377197770664244,-0.07204865428016623,0.9512861940662074,-0.06738953636055385,211.5040825274734,201.20091369702521,1.0,False
GENE_000241,0.2123483215219214,-1.7421775758992268,0.2989181542197575,-1.2880169999470543,275.3881948350511,82.31853089400443,1.0,False
GENE_000242,0.7143433630826788,0.22687501409241204,1.1702972499843904,0.3158826532469543,170.93602156439604,200.04595596008517,1.0,False
GENE_000243,0.07452777194761168,1.1433347532297178,2.208910175490789,1.773394823901549,94.63768504885243,209.04614548930266,1.0,False
GENE_000244,0.3627131041837144,0.9606323542217431,1.9461627393412122,0.8513415352422424,102.38892001900223,199.26550106236965,1.0,False
GENE_000245,0.6611689516519974,0.7451036726165979,1.6760947098143373,0.39119826276786424,304.00408063116487,509.53963130786667,1.0,False
GENE_000246,0.4693159543391945,-1.0030029604777664,0.49896033560850633,-0.6381857470266439,421.33911061176434,210.2315040358355,1.0,False
GENE_000247,0.2508117117743584,1.962960328043021,3.8986113161089144,1.155638365649209,42.40580334230535,165.32374477900086,1.0,False
GENE_000248,0.7471881803645205,0.2975385973258844,1.2290457310317122,0.283586744701331,103.721306176189,127.47822857287827,1.0,False
GENE_000249,0.6833010352089488,0.4244008358276941,1.3420150361632566,0.35229318474129656,210.24614079673339,282.15348224451327,1.0,False
GENE_000250,0.28579042117419884,-1.0370338125427065,0.4873283937629125,-0.986864607906522,192.85474271329826,93.9835919960314,1.0,False
GENE_000251,0.16785190734833913,-1.2478284984405974,0.421081530242266,-1.2805369726027493,505.236513716631,212.7457643300666,1.0,False
GENE_000252,0.9892746080926623,0.008600409878336638,1.0059791540663527,0.011584119900426276,137.39532085646334,138.2168286478601,1.0,False
GENE_000253,0.15904919600575027,-1.6648547223696533,0.3153761085982077,-1.4973312561503052,367.06368730463316,115.76311730984453,1.0,False
GENE_000254,0.08933305665077541,1.455728752162419,2.7429508136945326,1.7578807575687876,70.85042823849474,194.33923978738525,1.0,False
GENE_000255,0.3964100018322161,-0.8634627653100913,0.5496317440434434,-0.7842830612178515,452.93435966037146,248.94710203733024,1.0,False
GENE_000256,0.5527139351262794,0.5455993523076106,1.459626604644896,0.5158228670258476,149.62747576175354,218.4002444077148,1.0,False
GENE_000257,0.9983069172064077,0.001409689916723894,1.0009776001310458,0.001815124983735612,224.46857503728458,224.6880155456567,1.0,False
GENE_000258,0.10119322354772169,-1.1811504803292865,0.4409996817207221,-1.7270183579241316,281.14299714571507,123.98397225927023,1.0,False
GENE_000259,0.4943002973477007,0.509785684336815,1.4238386653805337,0.6045983240910865,213.59349438906457,304.12267598489024,1.0,False
GENE_000260,0.14273824954763767,-2.784622099935559,0.14512599867660075,-1.5996850026947202,427.8995737591434,62.09935297508747,1.0,False
GENE_000261,0.6945423941595417,0.4148710320167999,1.3331794937912045,0.3508898167734341,115.91760601190323,154.53897530443743,1.0,False
GENE_000262,0.7257868727331045,-0.5853293116954231,0.6664971855514638,-0.3042259561814375,338.742139657397,225.77068270933597,1.0,False
GENE_000263,0.4287842510185241,-1.175435331923017,0.44275013993833723,-0.7178281513180731,286.301349927798,126.75996274506743,1.0,False
GENE_000264,0.7884425104257523,0.24523774812936613,1.185288083740489,0.22996817526566965,155.20470675366877,183.9622894555606,1.0,False
GENE_000265,0.13116273842713014,1.6568319389583543,3.1532333514057673,1.5747996410952187,89.71487020469027,282.8919208464689,1.0,False
GENE_000266,0.08721048676964265,2.1204435684216656,4.348276157767159,1.9595040740027825,69.45218830911885,301.9972945292965,1.0,False
GENE_000267,0.17740863203265542,0.9438884585044703,1.923706172865892,1.2475027763618791,211.53341001875714,406.9281266204548,1.0,False
GENE_000268,0.5121381740485427,1.395954536618051,2.63162611880425,0.6016649594102109,140.2641552759283,369.12281455614783,1.0,False
GENE_000269,0.5003086664196884,-0.6492252171960528,0.6376226496491982,-0.6041952663352804,222.54013277194582,141.89662911133246,1.0,False
GENE_000270,0.825622981891101,0.23554322542460554,1.1773499674395216,0.19072737704615886,150.47972837627765,177.16730330411855,1.0,False
GENE_000271,0.7135327303636754,0.4699974275618361,1.3851069983545456,0.3183943198315983,185.08133456078116,256.357451764937,1.0,False
GENE_000272,0.3025786150636441,2.470303466822271,5.541603410462714,1.0112670769793206,73.76396876827488,408.77066089553716,1.0,False
GENE_000273,0.4892910232993545,0.73915904035231,1.6692025623413749,0.6019191740264416,177.12917412985374,295.66447132296344,1.0,False
GENE_000274,0.21678335250703482,-3.133035239476022,0.11398886134768699,-1.2701118517105563,651.328493526559,74.24419334039678,1.0,False
GENE_000275,0.24710601197125504,-1.3373018889666877,0.3957601100877574,-1.1031059283399671,299.34457747722996,118.46864293656176,1.0,False
GENE_000276,0.4630153290257016,-0.8470372274797522,0.5559252334105739,-0.6633993719497615,348.702085098069,193.8522880488978,1.0,False
GENE_000277,0.6476610879846532,0.15919093576464163,1.1166607384409926,0.3926444202995055,229.3969496285196,256.15856716829387,1.0,False
GENE_000278,0.3959302187372494,-0.7889587327559129,0.5787616633154244,-0.7837297490515315,240.8062539316794,139.36942806225525,1.0,False
GENE_000279,0.9290793742645426,-0.07565936281531223,0.9489083370568693,-0.07690777376538385,150.55770907701176,142.86546535135915,1.0,False
GENE_000280,0.9282133202082047,-0.0866599616328541,0.9417003940006515,-0.07755214684795277,152.37697072079618,143.4934533643995,1.0,False
GENE_000281,0.5692323033768782,-0.5024857506641204,0.7058894915117427,-0.4930778286079446,329.17123494347015,232.35851565453854,1.0,False
GENE_000282,0.4785531264465767,0.7994351498067997,1.7404195765900072,0.6232565551911605,188.68431076437557,328.38986824971187,1.0,False
GENE_000283,0.5099301924760253,-0.9753107878946675,0.5086302642254942,-0.5956204105272627,219.71371417481407,111.75304449470039,1.0,False
GENE_000284,0.587250680151906,-0.8222533829758327,0.5655578928081965,-0.48945946502120385,278.61830906954583,157.57478377515514,1.0,False
GENE_000285,0.9538939502852455,0.04998841034276328,1.0352566072414842,0.049227686532577766,164.11764049686016,169.90387168925704,1.0,False
GENE_000286,0.24758124674866325,-1.5854432693865324,0.33322227069150745,-1.1301420662295816,576.1534235584677,191.98715206483845,1.0,False
GENE_000287,0.5377004307858716,-1.1566137672457046,0.44856415162302565,-0.555524160395435,581.2172141883848,260.7132065911112,1.0,False
GENE_000288,0.16286379002153573,-1.4015854047232628,0.3785129579826027,-1.4046518608556338,249.10538956489938,94.28961785361864,1.0,False
GENE_000289,0.697047277305356,-0.3778921644188567,0.7695611294923055,-0.3494145749546021,315.84656461603885,243.0632390121833,1.0,False
GENE_000290,0.21264679881147588,1.0185919638890286,2.025940724329747,1.202974183012477,116.59230466464878,236.20909816357312,1.0,False
GENE_000291,0.08908902786053755,-1.2618529485972367,0.4170080246508666,-1.8640471720358087,331.0848303547269,138.06503109809194,1.0,False
GENE_000292,0.12724128042779567,-1.2271866261278883,0.4271496110643368,-1.5156799119754956,216.97404570540357,92.68037923411877,1.0,False
GENE_000293,0.49133175952212216,1.0602300648643224,2.0852640297468414,0.6195443316361956,220.63510120624898,460.08244024494496,1.0,False
GENE_000294,0.762368165492916,0.3498060133944702,1.2743892598016964,0.26561235398830785,230.9117560443429,294.27146186486004,1.0,False
GENE_000295,0.2691559743521805,-1.5803141425114215,0.33440906419896477,-1.070130839914241,486.7499241909674,162.77358664761846,1.0,False
GENE_000296,0.24441740637286857,-2.2634320895248057,0.20827591347077268,-1.1701888591163598,485.69273936824504,101.15809895804315,1.0,False
GENE_000297,0.4255648506885181,0.4477682432852315,1.3639287137070837,0.7014331925796219,98.7161091325053,134.64173575126605,1.0,False
GENE_000298,0.8040217665572328,-0.2617431290676594,0.8340795379349509,-0.21299418182949162,155.26638212605437,129.50451226053096,1.0,False
GENE_000299,0.05779915440391108,-2.039419646607345,0.2432615740839718,-2.2001082068678226,451.78157282528593,109.9010965476116,1.0,False
GENE_000300,0.06356163103025117,1.7442040318448815,3.350099701361545,2.153714811475064,87.23287073427605,292.23881419580846,1.0,False
GENE_000301,0.2544077202841144,-2.3076452676164805,0.20198985391603178,-1.1453797466565625,294.9168080434341,59.57020297407564,1.0,False
GENE_000302,0.8220443497825709,0.17037443176589992,1.1253505161256552,0.19480630076732205,179.95308966847094,202.51030233682008,1.0,False
GENE_000303,0.10654425404050369,0.7489626490663956,1.6805839940974463,1.5785330009560186,97.15042119641274,163.26944288251653,1.0,False
GENE_000304,0.6348355849309052,-0.6036546949544719,0.6580847544217939,-0.42026771592209605,352.2393368920333,231.80333751628928,1.0,False
GENE_000305,0.8508613866869791,0.2966229580461454,1.2282659366378237,0.16204267888515222,323.4858069874765,397.32659770851507,1.0,False
GENE_000306,0.8550265052859234,0.17525108538243345,1.129160905882144,0.1560342562204306,183.55792409427522,207.2664318521376,1.0,False
GENE_000307,0.45680514466655664,0.5069470007280173,1.4210398384824037,0.650571489003445,235.244567707504,334.29190249893435,1.0,False
GENE_000308,0.3958765018410092,0.6864107981870262,1.6092749073896404,0.7648428091739533,174.61901149961733,281.0099935595172,1.0,False
GENE_000309,0.8251793618642377,-0.219724747595486,0.8587292581322591,-0.18845140893699297,251.6070665488163,216.06234959829897,1.0,False
GENE_000310,0.4958252710986952,0.6010086721727377,1.516776662831228,0.5922986301806927,138.72488031921748,210.4146610222442,1.0,False
GENE_000311,0.6098439774347562,0.563457773865692,1.4778069042196669,0.4396810601217597,256.82133029789355,379.5323350651066,1.0,False
GENE_000312,0.5323294055603788,0.7477601740916249,1.6791838241467332,0.5408342042090811,171.6585673314825,288.24628953922826,1.0,False
GENE_000313,0.5493740086466015,-0.6013214623727731,0.6591499186109889,-0.5202323528756865,157.34413605808442,103.71337447660271,1.0,False
GENE_000314,0.27564592360893403,-1.4582474658662836,0.3639349560351422,-1.0770467199122737,392.09802212760053,142.6981764444745,1.0,False
GENE_000315,0.7609001378529745,0.23888033207990134,1.1800764549066411,0.26264010806657023,200.60446291727018,236.72860343786294,1.0,False
GENE_000316,0.3104621208147653,1.2669745796890517,2.4065636479333676,0.9580634170898742,131.08936117099768,315.4748912249309,1.0,False
GENE_000317,0.8935264131256104,-0.07695805378172191,0.948054529321347,-0.11432996336483012,95.16702675938899,90.22353076128456,1.0,False
GENE_000318,0.14811780477763695,-1.620163359030439,0.3252986276091527,-1.4829617304639269,176.8061345172283,57.5147929113336,1.0,False
GENE_000319,0.25835765520032833,0.9982959521757376,1.9976390826903865,1.0210220218755335,221.74005608883374,442.95660224101266,1.0,False
GENE_000320,0.31104452141274247,-1.518466668085003,0.3490567055970652,-0.9798488725855529,268.01310374089786,93.55177104864228,1.0,False
GENE_000321,0.8883946719388314,-0.11826635183805462,0.9212940802386601,-0.12092258000063028,214.92002625080474,198.00454790960384,1.0,False
GENE_000322,0.72832324628671,-0.2768980557870269,0.8253637285876632,-0.29762815900138906,201.05018879875155,165.9395334601912,1.0,False
GENE_000323,0.6414883201559108,0.6747527724096748,1.596323195177695,0.41754911537722567,279.4752316032541,446.1327946859329,1.0,False
GENE_000324,0.8281972930981929,0.2997778992097394,1.2309548950525826,0.18692223457548793,319.31136606279716,393.05788910092724,1.0,False
GENE_000325,0.354443388753467,-0.8161834250871555,0.5679424192730992,-0.8215519545978324,407.1794099307449,231.25445915426025,1.0,False
GENE_000326,0.0483041536002642,1.714803836790394,3.2825200807217687,2.366627011538567,77.86651657814755,255.59840428362384,1.0,False
GENE_000327,0.22216500177811477,1.1745672123224438,2.2572515651641605,1.1656035616236193,70.51373533422921,159.16723944876026,1.0,False
GENE_000328,0.7700370123282833,0.5404621055386432,1.4544383097096367,0.2525616856516121,356.04071373171075,517.8392538677621,1.0,False
GENE_000329,0.4509907941003802,1.7020842501790678,3.2537067962149697,0.7006916310529796,143.60326635568202,467.2429237001511,1.0,False
GENE_000330,0.8641348587394944,-0.10113173227507707,0.9323013542486606,-0.14656877441265298,109.64462114544102,102.221828779976,1.0,False
GENE_000331,0.5645793643755629,0.7257121409390993,1.6537167400202502,0.517684936609486,128.2363166040699,212.06654344668718,1.0,False
GENE_000332,0.07391244742028144,-1.769469785105597,0.29331651629559,-2.036898465207441,349.3626478221486,102.47383478299572,1.0,False
GENE_000333,0.9430630840602003,-0.07085439873284025,0.952073989914967,-0.062337283249437304,160.4139353263261,152.72593544409676,1.0,False
GENE_000334,0.8983468618176312,0.11419200578859035,1.0823686855173726,0.108805765645948,225.32538056339752,243.88513597410633,1.0,False
GENE_000335,0.5862277991140765,0.9927007597169634,1.989906659251382,0.48189367453919585,340.76565309259706,678.0918423331052,1.0,False
GENE_000336,0.4446863735861382,-1.2915811721345023,0.4085030706050347,-0.7076247704133344,308.9554354991256,126.20924408150856,1.0,False
GENE_000337,0.6207743115966475,-0.8169406727627901,0.5676443935537406,-0.4366047257565477,618.0213637501544,350.81636222921213,1.0,False
GENE_000338,0.07866183481912524,-1.3813216787957534,0.38386696677705257,-1.9339773797356663,214.84713776381153,82.47271909412588,1.0,False
GENE_000339,0.4745770477325909,0.9231692537265307,1.8962763840742818,0.637070589535613,137.9410977172299,261.57444599446586,1.0,False
GENE_000340,0.09062864296781419,1.8618095091004498,3.634632523664496,1.9199433285570608,79.49032813585309,288.91813195933463,1.0,False
GENE_000341,0.6944325927767264,-0.50471004859832,0.70480201373909,-0.3398484438184246,533.5879804564996,376.07388313271514,1.0,False
GENE_000342,0.5386143466792046,-1.0715039034371732,0.4758227302163562,-0.5607502655320865,677.4521248034464,322.34711961484754,1.0,False
GENE_000343,0.13495264460473064,-1.4256753989815676,0.3722450581237992,-1.618384762866926,326.5476800030957,121.55576012294415,1.0,False
GENE_000344,0.33356678946599544,-0.9676377209752535,0.5113426538108335,-0.910410148481251,154.44089321013035,78.9722161909836,1.0,False
GENE_000345,0.9453380477946963,0.054830022958907106,1.0387367130561256,0.0585201891618081,188.21460932996786,195.50542464455359,1.0,False
GENE_000346,0.5020226602730088,-1.463110093612777,0.36271037208317813,-0.6134083275316025,1129.5681052030895,409.7060677315031,1.0,False
GENE_000347,0.6042858285822497,-0.44398054477974436,0.7351035812428418,-0.4556552641837769,250.6110934281746,184.22511227823557,1.0,False
GENE_000348,0.1196937034617626,1.0672952692297768,2.0955010861159495,1.4808279353387706,117.49655694678994,246.21416269688285,1.0,False
GENE_000349,0.39889791127907065,2.532950469709652,5.787540843485874,0.800610692964606,98.63539029689575,570.8563499564544,1.0,False
GENE_000350,0.7524695682706598,-0.5476230530298996,0.6841463821826418,-0.2760974349882701,381.24219981426194,260.82547173827913,1.0,False
GENE_000351,0.4540308598181875,-0.6995057570141197,0.6157831274539877,-0.6889513904120953,143.67732017083117,88.47406955900232,1.0,False
GENE_000352,0.22542037538517662,-1.4712262642578553,0.3606756009262496,-1.215220465594531,234.49786890964612,84.57765978491152,1.0,False
GENE_000353,0.3904724238471964,1.125695218434557,2.182066725307763,0.7978753791131358,148.6563102564239,324.3779881175697,1.0,False
GENE_000354,0.6145567940957002,0.6036294703078107,1.5195345417760686,0.44444852860258444,203.8069146945145,309.6916467311234,1.0,False
GENE_000355,0.16306051778651343,-1.5781590638511092,0.3349089732963369,-1.47873540596369,221.97665063094385,74.34197215856908,1.0,False
GENE_000356,0.44483335936018786,1.1252185827261534,2.181345936018611,0.6974340357531351,125.1086432241753,272.9052304578571,1.0,False
GENE_000357,0.20931767784889177,2.2632813928554656,4.8008218224623125,1.2784751529958898,123.78507984755555,594.2701126273845,1.0,False
GENE_000358,0.7316563977356803,-0.2910502103203403,0.8173068831457979,-0.295926935359578,171.72881992305074,140.3551465576146,1.0,False
GENE_000359,0.8470032231886876,0.254735852656948,1.1931172716280247,0.16462685638798233,149.86028625521612,178.80089586221823,1.0,False
GENE_000360,0.26214461311277143,1.9802526419198538,3.945621706996072,1.1208858563173498,70.08858035470261,276.5430240600531,1.0,False
GENE_000361,0.8252974104860311,0.20724529805676178,1.1544816946470404,0.18893389972419866,298.2837811611188,344.3631651606154,1.0,False
GENE_000362,0.16456249584095514,0.7624691798367265,1.696391524211986,1.313362945950811,121.93275104863554,206.84568540275546,1.0,False
GENE_000363,0.7655458552452566,0.21866881185970777,1.163659371619167,0.2549441921329815,182.25720633511168,212.08530619698092,1.0,False
GENE_000364,0.6153338382928595,-0.46318490558849024,0.725383127933908,-0.4328823924576235,297.1751550847316,215.56584353960682,1.0,False
GENE_000365,0.8154568846162349,-0.12525631102243587,0.9168411415796767,-0.2036992717708674,243.17255675484608,222.9506045359618,1.0,False
GENE_000366,0.5377489146054439,0.31547650402881305,1.2444226025649352,0.5341710565844974,265.07676761415155,329.867521033903,1.0,False
GENE_000367,0.3235586085833067,0.8498112916498759,1.8022651687236058,0.9235683440768159,177.41479069367261,319.7484976835951,1.0,False
GENE_000368,0.40725372190266484,-1.7308503929136456,0.3012743191944417,-0.7816177956728297,750.5250140530375,226.11391264722764,1.0,False
GENE_000369,0.4582456128105722,0.5692776614974384,1.4837804751743506,0.6530125773635992,135.8779340189771,201.6130255043869,1.0,False
GENE_000370,0.8516992449902626,-0.17303024797697145,0.8869777083165109,-0.1595594903524094,146.94238120040308,130.33461653170468,1.0,False
GENE_000371,0.6760926070081353,0.3852566693659753,1.3060921328108026,0.3669527326655348,133.5287549233031,174.4008563093479,1.0,False
GENE_000372,0.7318171303822514,0.35446880002773495,1.2785147457754875,0.29717378148822704,102.24511943303732,130.72189287871407,1.0,False
GENE_000373,0.15921449749242522,-1.215624853720106,0.43058654571583355,-1.3913500116139064,512.6062264778121,220.7213443715094,1.0,False
GENE_000374,0.782444212421005,0.24879230425201343,1.1882120333161679,0.23677953223559428,134.40085899801215,159.6967179494676,1.0,False
GENE_000375,0.9435698102711731,-0.05659724910867881,0.9615293168763234,-0.06025596550121818,157.5068722471047,151.4474752750849,1.0,False
GENE_000376,0.41859567963165545,1.918846790665909,3.7812068942965373,0.7591626120960684,84.3092830231348,318.7908422202753,1.0,False
GENE_000377,0.05161171587008299,2.401341855084319,5.282943040216712,2.3492977246208557,115.90872615280222,612.3391981293313,1.0,False
GENE_000378,0.18593682020637262,-1.4417340486056225,0.36812457064429155,-1.3281049684916257,467.779184651348,172.20101150611424,1.0,False
GENE_000379,0.3382667773903847,0.7928053373096555,1.7324399390899707,0.8845120346828381,179.84480606647702,311.57032486745504,1.0,False
GENE_000380,0.6269070022878412,0.8209733198790022,1.7665974325317286,0.42540981258462673,172.84785082952,305.35256949405726,1.0,False
GENE_000381,0.4043793633201984,-1.3904514935437091,0.3814454096547772,-0.7797930512011839,209.3075533296857,79.83940542368109,1.0,False
GENE_000382,0.5800981677418271,-1.0531353435571609,0.48191969141515073,-0.49006437967059724,819.2830196624482,394.8286200173999,1.0,False
GENE_000383,0.36788833038866164,1.3251293984351973,2.5055535956856745,0.8390215982430318,184.30392721028312,461.78336752071573,1.0,False
GENE_000384,0.5747167534800169,-0.43710031453640297,0.738617671896585,-0.4896895078836298,197.57925350480986,145.93552823878784,1.0,False
GENE_000385,0.3149248639390791,2.794147568002252,6.936209951395707,0.9817337768204177,239.93094417568332,1664.2114026391425,1.0,False
GENE_000386,0.5987194088448143,0.4222081358566293,1.3399769053200206,0.47408928090893654,33.85765393104459,45.368474335917355,1.0,False
GENE_000387,0.1163764562308646,-2.107328126047343,0.2320764236943892,-1.6931540155605913,552.4507322091505,128.21079019844635,1.0,False
GENE_000388,0.14775062640611902,-2.5273985818016103,0.1734511628889101,-1.5793032192875793,411.77581658197244,71.42299423567367,1.0,False
GENE_000389,0.9539078085594583,-0.059583419170665994,0.9595411485870379,-0.04946875072401032,168.76232384224522,161.93439405780563,1.0,False
GENE_000390,0.14456049256060508,0.7749992180466787,1.7111891238854922,1.386326884178614,117.79469404334829,201.56899929839676,1.0,False
GENE_000391,0.09523768658174725,2.8319637968561033,7.12042718301557,1.9593764305325316,77.89304530913498,554.6317571870281,1.0,False
GENE_000392,0.8337313563445726,-0.1443972071236508,0.9047573280883077,-0.1790135796274006,209.92481355758292,189.93101341379486,1.0,False
GENE_000393,0.20077457286385209,1.5591163330339393,2.946732974561302,1.328306686635331,117.23993332240562,345.474777456501,1.0,False
GENE_000394,0.9354258479205249,0.06824270377441027,1.0484388389572994,0.06902944590285494,189.15400627241897,198.31640672037668,1.0,False
GENE_000395,0.8767130769898507,0.16760069086731824,1.1231889837591595,0.13284722359478837,167.1277729140799,187.71607341729703,1.0,False
GENE_000396,0.46328433942217145,0.4121556642029394,1.3306726105190687,0.6397068687155105,116.8107484825294,155.43686361993375,1.0,False
GENE_000397,0.405073565904599,1.9722561680363309,3.923812674725348,0.7846764911347239,158.14037128972126,620.5131932523808,1.0,False
GENE_000398,0.8670110199568601,-0.204622727623482,0.8677655827688161,-0.14656728056336335,355.9510883937081,308.8821036571605,1.0,False
GENE_000399,0.608445534445223,-0.5255992777487747,0.6946704924156867,-0.4542034218156404,210.71251326216193,146.37576534597295,1.0,False
GENE_000400,0.849325024959837,0.16868223484717224,1.1240313195986094,0.1657925386056387,198.2831030794917,222.87641800854814,1.0,False
GENE_000401,0.37733579261846784,-1.566572251947239,0.33760958010297903,-0.8294782286071214,773.3887529751287,261.10345214829977,1.0,False
GENE_000402,0.4756962927473122,1.1077532298256958,2.1550976333102736,0.6479116403064474,128.87028244016554,277.72804069082724,1.0,False
GENE_000403,0.925399245550539,-0.12672840836156893,0.9159060922394998,-0.0807706690540441,438.2895014833771,401.4320245732384,1.0,False
GENE_000404,0.01996357312630413,1.142289973402772,2.2073110923306163,2.577857072445464,50.140993016132285,110.67677006498076,1.0,False
GENE_000405,0.19764056478411124,1.074115229000222,2.105430464817145,1.2224581584638414,159.3513059263767,335.5030941057904,1.0,False
GENE_000406,0.7832891181514821,-0.16414192214462603,0.8924591733268487,-0.23494150788149698,144.17060594340342,128.66637979828067,1.0,False
GENE_000407,0.2910732673259793,0.663335026815548,1.5837394696030864,1.0019815922977915,102.48267015185094,162.30584966980047,1.0,False
GENE_000408,0.3394145604311981,2.092336733034147,4.264382158599848,0.9171756866035541,66.55372459484263,283.81051575061485,1.0,False
GENE_000409,0.8940849956341599,0.19714987018169786,1.1464312732239095,0.1146052867629046,350.9405410204959,402.3292112680148,1.0,False
GENE_000410,0.6362568060089695,-0.5948070419884163,0.6621330084410193,-0.4203327763777672,265.92960528829997,176.08076958307484,1.0,False
GENE_000411,0.11437142717204872,-1.0792277597972142,0.4732820921739993,-1.5447361397399058,346.01250568373683,163.7615226083668,1.0,False
GENE_000412,0.957590599752323,0.03750810984681541,1.0263395532546538,0.04692739474923549,226.4418570183047,232.40623437032102,1.0,False
GENE_000413,0.35128597570039377,-1.2873804630120176,0.40969424628922235,-0.8974331096282251,334.6432840931818,137.10142805230623,1.0,False
GENE_000414,0.34757122851618005,1.1841559162844875,2.2723040908716277,0.8503784325284313,263.4073370721437,598.5415695946339,1.0,False
GENE_000415,0.6914804674990108,-0.343231367784585,0.7882737469386294,-0.3429078994321783,280.3422396909693,220.9864277063677,1.0,False
GENE_000416,0.12996072908104703,-0.705597000810585,0.6131886928563374,-1.4738122527791926,220.5131936104052,135.21619694754082,1.0,False
GENE_000417,0.6425400294757773,0.433112331159787,1.3501431059087887,0.41097000142772155,281.98348359976734,380.71805636236985,1.0,False
GENE_000418,0.4793398157036993,0.6917467243734646,1.6152379635328225,0.6261852874853598,107.4771857253058,173.60123059718188,1.0,False
GENE_000419,0.37757393835178904,0.5466637191756447,1.4607038603231721,0.7778733803747485,115.87822200469144,169.26376620963833,1.0,False
GENE_000420,0.9440901543168088,-0.06039315647621311,0.9590027407895667,-0.0604875558266854,207.75945829600045,199.24188993082012,1.0,False
GENE_000421,0.6327959373236166,0.5469767887592782,1.4610208722751135,0.4184384071992847,231.48402576865533,338.20299324627564,1.0,False
GENE_000422,0.9722295730354037,0.028894451132605376,1.0202300155720028,0.029629899164285666,134.91601072984835,137.64536372782567,1.0,False
GENE_000423,0.3573593854405717,-3.086194307657137,0.1177505490781157,-0.8851450523422228,1514.0634942017882,178.28180778139102,1.0,False
GENE_000424,0.32386613873842823,0.7345952806837911,1.663930621398337,0.8830057049920257,179.15735924779318,298.1054161012656,1.0,False
GENE_000425,0.05739609396874125,1.2583732408475332,2.392258416687869,2.0237964750691275,127.35853401717159,304.674524939607,1.0,False
GENE_000426,0.6719482216498863,-0.38158756920814946,0.7675924523147664,-0.36993978204222516,159.9435643452445,122.77147278773086,1.0,False
GENE_000427,0.27471227896524053,1.0656062793760066,2.093049279579864,1.0383787804645603,142.32386509705452,297.8908633084117,1.0,False
GENE_000428,0.3660316074779858,-1.5236184739154834,0.34781246106890007,-0.8652942066504056,372.5138010299648,129.56494191836262,1.0,False
GENE_000429,0.4132451048052323,-0.6211399680876454,0.650156992967634,-0.7204914941258862,181.83715391819467,118.22269720124626,1.0,False
GENE_000430,0.7252642000635066,0.28348312965300443,1.2171298827970236,0.3015389423162733,156.79056692565712,190.83448434590395,1.0,False
GENE_000431,0.7043313754421345,0.44491670006692763,1.3612355176979858,0.326228392507935,250.5997803460942,341.12532173441707,1.0,False
GENE_000432,0.16964817034646595,2.7184808684108135,6.581793978883665,1.4643698325115162,117.24231206905426,771.664743646501,1.0,False
GENE_000433,0.9511601204839957,-0.08095729362522835,0.9454301027724263,-0.05230642670027459,425.0085543722073,401.8158812392763,1.0,False
GENE_000434,0.45998807778857287,0.7355119446833498,1.664988190684757,0.6444789955198589,101.48523148866803,168.97171195754112,1.0,False
GENE_000435,0.5827554047715784,0.3831793431717884,1.3042128534647652,0.47807656393601067,101.92600013275202,132.93319947538654,1.0,False
GENE_000436,0.7584719050408266,0.45130813666307684,1.3672794498526633,0.2711381927166559,197.11406099725355,269.5100048785491,1.0,False
GENE_000437,0.40684416583017124,-0.7825295686324634,0.5813465872908447,-0.7524226489451356,316.897109763848,184.22705328354525,1.0,False
GENE_000438,0.9984327191971274,0.0013260565515603256,1.0009195749099602,0.0017156726667721615,190.61629622246315,190.79158218589885,1.0,False
GENE_000439,0.848111783957139,0.14269165200971318,1.103962871365628,0.16523257381164042,299.54007267804684,330.6811187227255,1.0,False
GENE_000440,0.6032310040085181,0.6630257518579392,1.583399994907425,0.45645569147501064,196.54363393694842,311.2071889748509,1.0,False
GENE_000441,0.6663505234240844,0.3853836482717024,1.3062070936610148,0.3731948802306267,152.44525804635862,199.12507745513753,1.0,False
GENE_000442,0.5918182230263584,-0.500208759892603,0.7070044692966825,-0.4733926728275727,133.92184979416288,94.68334634095216,1.0,False
GENE_000443,0.10914614459510938,2.4251846576324607,5.370977424938751,1.7870556751034639,126.04089669025677,676.9628107424064,1.0,False
GENE_000444,0.8318070072605989,-0.227781268744247,0.8539471740300711,-0.18555880480418085,133.77060318407956,114.23302855734278,1.0,False
GENE_000445,0.541032662332603,0.6591323137010591,1.5791325935405032,0.5536801718381016,147.65378572544566,233.16490559869672,1.0,False
GENE_000446,0.3519323874109996,-1.3256736802198523,0.39896285016340616,-0.887948253720304,322.87491756000054,128.81509735601261,1.0,False
GENE_000447,0.008853979139998105,2.466175382484756,5.52576949674942,3.9299469813495844,37.27139956770377,205.953162832377,1.0,False
GENE_000448,0.43233674009842604,1.300984102902895,2.4639689961984725,0.7287634154972619,313.5893110058611,772.6743398576821,1.0,False
GENE_000449,0.8649007411076394,-0.1821650802184307,0.8813793004092665,-0.14645193465854797,160.7665621770835,141.6963201008407,1.0,False
GENE_000450,0.49203910374721543,-0.5666856664706486,0.6751660813174309,-0.5974003470859652,136.13749583913216,91.91541958607492,1.0,False
GENE_000451,0.7779519817758609,-0.28084392581318435,0.8231093863968003,-0.24162606021232408,204.96479175486132,168.70844397429187,1.0,False
GENE_000452,0.25446612829920956,-1.010194451540484,0.4964793259690219,-1.0849165745365963,159.16588735376865,79.02257247066032,1.0,False
GENE_000453,0.9622126391517294,-0.03387315636360495,0.9767944062297114,-0.04103455295282927,348.41533408055113,340.33014937453845,1.0,False
GENE_000454,0.18635878277856346,-1.538205581244446,0.3443134441020521,-1.3421179888233552,381.81545324324145,131.4641937175665,1.0,False
GENE_000455,0.32141559119823354,-1.1679968644416476,0.44503883387412574,-0.9448014811845759,245.24809726008772,109.1449272144776,1.0,False
GENE_000456,0.8879805683527583,-0.11162457328869005,0.925545247609294,-0.12007580218728706,334.1981739613381,309.3155316696206,1.0,False
GENE_000457,0.36404156097363494,-0.6434951178773014,0.6401601966651657,-0.804504525250342,292.0293062671579,186.9455381319757,1.0,False
GENE_000458,0.4530234428482003,0.972207301933619,1.9618398859711768,0.6660670679464294,145.45260005790598,285.35471231181344,1.0,False
GENE_000459,0.28854010877981867,-2.3715017589927734,0.1932443636707222,-1.0438027366751608,306.63606532582094,59.25569132238227,1.0,False
GENE_000460,0.06614113698237008,-1.321660794982738,0.4000741181361262,-2.0434048125595377,155.76607526877888,62.31797519868216,1.0,False
GENE_000461,0.7200909683782887,0.3320731423012968,1.2588209920720068,0.31689411521537936,123.01480027350553,154.853612919834,1.0,False
GENE_000462,0.8026686496027693,0.2331593201352037,1.1754061240575024,0.2180820360929685,361.5908723891745,425.01612580953054,1.0,False
GENE_000463,0.5156572898907439,1.206980571632064,2.3085397463695334,0.5940939464123228,240.70145210540855,555.6688691941982,1.0,False
GENE_000464,0.46369876074236344,-1.2540207003361572,0.41927807621629176,-0.6751838652490141,728.6397429113008,305.5026696625836,1.0,False
GENE_000465,0.5689666681317551,0.5274425021489882,1.4413717773239183,0.5181545196624975,154.68957541237614,222.9651882456189,1.0,False
GENE_000466,0.9185878174927259,-0.07328148243405232,0.95047363740903,-0.08707694851431289,185.95474386731894,176.74508179703514,1.0,False
GENE_000467,0.017239062215795554,1.49350796592325,2.815727980295583,3.1797415341604953,80.48862929633933,226.6340856053414,1.0,False
GENE_000468,0.8770956867562885,-0.11313033632523661,0.9245797457200886,-0.13351303456943026,472.5564273822837,436.91610146750537,1.0,False
GENE_000469,0.31401925041180534,-1.2285529833246116,0.42674525488542925,-0.9444265789404289,333.87983139220245,142.48163374856958,1.0,False
GENE_000470,0.35646409702048676,-0.9346910965262315,0.5231544734242604,-0.8349588952052004,296.60161792678645,155.16846324327162,1.0,False
GENE_000471,0.7449125074665544,-0.16131869879076163,0.8942073449387483,-0.282296417345458,266.27640392185685,238.10631617080134,1.0,False
GENE_000472,0.5045614823803068,0.4739424146248924,1.3888996965323006,0.5815438682604279,232.68021241258387,323.16947640890896,1.0,False
GENE_000473,0.30620541877889507,-0.911477906650453,0.5316401963302025,-0.9791966602007534,138.95306633912668,73.87303546921697,1.0,False
GENE_000474,0.28458155073470853,0.7071276770601929,1.6325505649920025,0.9757279911775563,96.34955736481498,157.29552431265805,1.0,False
GENE_000475,0.530966925744718,-0.8935872409883332,0.5382740420449398,-0.5642912401254236,376.2429859925261,202.5218328612547,1.0,False
GENE_000476,0.9744646775256051,-0.015191588046444408,0.9895252400098717,-0.027379859372251084,384.42054672039893,380.3938337582289,1.0,False
GENE_000477,0.5280341166564004,-0.3623141375451101,0.7779157719680411,-0.548841875481851,298.44329752379747,232.16374818191267,1.0,False
GENE_000478,0.258335582435598,2.5843948153878404,5.997639527511614,1.1311937897920221,96.82598333246692,580.7273449249843,1.0,False
GENE_000479,0.7930697657950703,-0.23260947070284924,0.8510940846287383,-0.23195116499778445,154.74241905642927,131.7003575000683,1.0,False
GENE_000480,0.2928111340267304,1.534678864582144,2.897239328919698,1.0227463216579893,159.62672018367164,462.47681166259326,1.0,False
GENE_000481,0.3932954964524215,-0.7294271466875444,0.6031433574372945,-0.7674586525458128,310.37985909370167,187.20355029468962,1.0,False
GENE_000482,0.6759748991507653,0.4833618766530972,1.3979975928986068,0.3620680311183509,121.75504617395514,170.21326147444802,1.0,False
GENE_000483,0.5794402056852387,0.7120182104058083,1.638094072417571,0.47983118170639905,142.79935151214855,233.91877125712364,1.0,False
GENE_000484,0.8863552622171194,0.12113957932017784,1.0875936093723386,0.12181084207709526,205.8841117185785,223.91824417642658,1.0,False
GENE_000485,0.4036826654996397,1.1159514736710594,2.167379030744967,0.753366400039766,474.5727471496584,1028.579020735203,1.0,False
GENE_000486,0.9969598660583383,0.003261420110309347,1.002263201336675,0.003250418907006573,238.80442396748776,239.3448864590149,1.0,False
GENE_000487,0.5729389840659659,0.3545672429190537,1.2786019887331301,0.4917080074833195,101.98969040668707,130.40422098426635,1.0,False
GENE_000488,0.6035228294247862,0.574141009856981,1.4887907633352466,0.4478436048515227,174.9635826752835,260.48416580700484,1.0,False
GENE_000489,0.18294596615276432,2.223814042104108,4.671267431065923,1.403964398411189,90.79934063956854,424.14800269187697,1.0,False
GENE_000490,0.22333077316359756,1.1385122471020814,2.2015387641289523,1.203487083974456,83.8125578827372,184.51659509964753,1.0,False
GENE_000491,0.38846381958113363,-0.6513075018292731,0.6367030137556895,-0.7986234144060497,140.26705482432675,89.30845653728336,1.0,False
GENE_000492,0.43482968576848735,0.709750459197713,1.6355211989940077,0.6844264464605698,302.73406596999547,495.12798255157804,1.0,False
GENE_000493,0.8475382557978619,-0.18587853515403904,0.8791135730187847,-0.16406391427706335,191.1137679864422,168.01070742764423,1.0,False
GENE_000494,0.15227026538693395,-1.0018452965890459,0.49936087776166177,-1.4951161776423765,257.19111372734096,128.43118030338437,1.0,False
GENE_000495,0.6067331322959065,-0.62492833064737,0.6484519899405589,-0.4653975427054853,352.04910058826636,228.2869398332453,1.0,False
GENE_000496,0.199439389401319,3.0018361542995144,8.010188283473415,1.3358112000603757,55.3985821811485,443.7530739084748,1.0,False
GENE_000497,0.5419416561236142,-0.7372947814493942,0.599863110475663,-0.5277832445283548,542.5675760990853,325.4662738420383,1.0,False
GENE_000498,0.225924881789501,1.6400643031416342,3.1167972360029017,1.2075763191548334,65.5253944567933,204.2293683309332,1.0,False
GENE_000499,0.6776596901911659,-0.5451405741486555,0.6853246221819547,-0.37366868262689307,185.4928647308898,127.12282743914548,1.0,False
